{"xy_sens": 18.2, "targeting_sens": 40.2, "xy_scale": 0.5494505494505495, "targeting_scale": 1.366792411568531}